Fecha,Valor
2010-01-04,48068
2010-01-05,47974
2010-01-06,48092
2010-01-07,48100
2010-01-08,48085
2010-01-11,48192
2010-01-12,48146
2010-01-13,48140
2010-01-14,48303
2010-01-15,48015
2010-01-18,48108
2010-01-19,48141
2010-01-20,48067
2010-01-21,48114
2010-01-22,48277
2010-01-25,48317
2010-01-26,48201
2010-01-27,48161
2010-01-28,48064
2010-01-29,48129
2010-02-01,48059
2010-02-02,48031
2010-02-03,48154
2010-02-04,47987
2010-02-05,48051
2010-02-08,47892
2010-02-09,48034
2010-02-10,48062
2010-02-11,48034
2010-02-12,48037
2010-02-15,48048
2010-02-16,48016
2010-02-17,48019
2010-02-18,47939
2010-02-19,47951
2010-02-22,47905
2010-02-23,47801
2010-02-24,47773
2010-02-25,47698
2010-02-26,47758
2010-03-01,47716
2010-03-02,47714
2010-03-03,47699
2010-03-04,47727
2010-03-05,47709
2010-03-08,47659
2010-03-09,47670
2010-03-10,47632
2010-03-11,47727
2010-03-12,47834
2010-03-15,47753
2010-03-16,47835
2010-03-17,47837
2010-03-18,47823
2010-03-19,47661
2010-03-22,47612
2010-03-23,47602
2010-03-25,47589
2010-03-26,47622
2010-03-29,47589
2010-03-30,47415
2010-03-31,47460
2010-04-05,47472
2010-04-06,47975
2010-04-07,47366
2010-04-08,47300
2010-04-09,47265
2010-04-12,47359
2010-04-13,47474
2010-04-14,47476
2010-04-15,47383
2010-04-16,47314
2010-04-19,47457
2010-04-20,47571
2010-04-21,47643
2010-04-22,47685
2010-04-23,47692
2010-04-26,47825
2010-04-27,47893
2010-04-28,47924
2010-04-29,48032
2010-04-30,48067
2010-05-03,48058
2010-05-04,48033
2010-05-05,47925
2010-05-06,47906
2010-05-07,48131
2010-05-10,48170
2010-05-11,48176
2010-05-12,48314
2010-05-13,48390
2010-05-14,48420
2010-05-17,48402
2010-05-18,48451
2010-05-19,48433
2010-05-20,48601
2010-05-21,48841
2010-05-26,48867
2010-05-27,48932
2010-05-28,48981
2010-05-31,49000
2010-06-01,48873
2010-06-02,48812
2010-06-03,48785
2010-06-04,48896
2010-06-07,48788
2010-06-08,48799
2010-06-09,48922
2010-06-10,48966
2010-06-11,49006
2010-06-14,48958
2010-06-15,49069
2010-06-16,49279
2010-06-17,49518
2010-06-18,49563
2010-06-22,49661
2010-06-23,49600
2010-06-24,49684
2010-06-25,49698
2010-06-28,49614
2010-06-29,49249
2010-06-30,49240
2010-07-01,49325
2010-07-02,49462
2010-07-05,49448
2010-07-06,49627
2010-07-07,49850
2010-07-08,50125
2010-07-12,50177
2010-07-13,50315
2010-07-14,50500
2010-07-15,50643
2010-07-16,50743
2010-07-19,50765
2010-07-20,50861
2010-07-21,50902
2010-07-22,50988
2010-07-23,50995
2010-07-26,51016
2010-07-27,51079
2010-07-28,51081
2010-07-29,51081
2010-07-30,51073
2010-08-02,51084
2010-08-03,49897
2010-08-04,49991
2010-08-05,50045
2010-08-06,49990
2010-08-09,50026
2010-08-10,50004
2010-08-11,49940
2010-08-12,50071
2010-08-13,50109
2010-08-17,50176
2010-08-18,50198
2010-08-19,50183
2010-08-20,50173
2010-08-23,50240
2010-08-24,50266
2010-08-25,50315
2010-08-26,50339
2010-08-27,50353
2010-08-30,50319
2010-08-31,50348
2010-09-01,50469
2010-09-02,50455
2010-09-03,50539
2010-09-06,50546
2010-09-07,50575
2010-09-08,50646
2010-09-09,50741
2010-09-10,50795
2010-09-13,50841
2010-09-14,50988
2010-09-15,51001
2010-09-16,51101
2010-09-17,51088
2010-09-20,51126
2010-09-21,51157
2010-09-22,51215
2010-09-23,51270
2010-09-24,51171
2010-09-27,51218
2010-09-28,51240
2010-09-29,51110
2010-09-30,51125
2010-10-01,51236
2010-10-04,51512
2010-10-05,51443
2010-10-06,51480
2010-10-07,51508
2010-10-08,51528
2010-10-12,51456
2010-10-13,51558
2010-10-14,51655
2010-10-15,51541
2010-10-18,51499
2010-10-19,51555
2010-10-20,51609
2010-10-21,51768
2010-10-22,51708
2010-10-25,51806
2010-10-26,51863
2010-10-28,51920
2010-10-29,51918
2010-11-01,52018
2010-11-02,52119
2010-11-03,52211
2010-11-04,52291
2010-11-05,52284
2010-11-08,52261
2010-11-09,52293
2010-11-10,52295
2010-11-11,52274
2010-11-12,52265
2010-11-15,52251
2010-11-16,52216
2010-11-17,52239
2010-11-18,52326
2010-11-19,52373
2010-11-23,52268
2010-11-24,52266
2010-11-25,52262
2010-11-26,52157
2010-11-29,51985
2010-11-30,51896
2010-12-01,51820
2010-12-02,51816
2010-12-03,51958
2010-12-06,51962
2010-12-07,51982
2010-12-09,51944
2010-12-10,51958
2010-12-13,52069
2010-12-14,52111
2010-12-15,52057
2010-12-16,52143
2010-12-17,52152
2010-12-20,52223
2010-12-21,52267
2010-12-22,52381
2010-12-23,52346
2010-12-27,52358
2010-12-28,52481
2010-12-29,52585
2010-12-30,52145
2011-01-03,52179
2011-01-04,52185
2011-01-05,52215
2011-01-06,52197
2011-01-07,52119
2011-01-10,52141
2011-01-11,52201
2011-01-12,52206
2011-01-13,52307
2011-01-14,52331
2011-01-17,52329
2011-01-18,52407
2011-01-19,52468
2011-01-20,52503
2011-01-21,52510
2011-01-24,52528
2011-01-25,52569
2011-01-26,52654
2011-01-27,52624
2011-01-28,52574
2011-01-31,52618
2011-02-01,52647
2011-02-02,52606
2011-02-03,52535
2011-02-04,52509
2011-02-07,52448
2011-02-08,52470
2011-02-09,52496
2011-02-10,52479
2011-02-11,52387
2011-02-14,52373
2011-02-15,52357
2011-02-16,52419
2011-02-17,52444
2011-02-18,52432
2011-02-21,52431
2011-02-22,52338
2011-02-23,52332
2011-02-24,52362
2011-02-25,52306
2011-02-28,52318
2011-03-01,52313
2011-03-02,52352
2011-03-03,52390
2011-03-04,52364
2011-03-09,52365
2011-03-10,52330
2011-03-11,52379
2011-03-14,52439
2011-03-15,52340
2011-03-16,52342
2011-03-17,52374
2011-03-18,52439
2011-03-21,52410
2011-03-22,52502
2011-03-23,52550
2011-03-28,51667
2011-03-29,51420
2011-03-30,51334
2011-03-31,51298
2011-04-01,51302
2011-04-04,51210
2011-04-05,51330
2011-04-06,51405
2011-04-07,51481
2011-04-08,51541
2011-04-11,51605
2011-04-12,51633
2011-04-13,51658
2011-04-14,51710
2011-04-15,51638
2011-04-18,51564
2011-04-19,51642
2011-04-20,51739
2011-04-25,51837
2011-04-26,52094
2011-04-27,51882
2011-04-28,51908
2011-04-29,52011
2011-05-02,51990
2011-05-03,52011
2011-05-04,51993
2011-05-05,51900
2011-05-06,51897
2011-05-09,51894
2011-05-10,51975
2011-05-11,51929
2011-05-12,52000
2011-05-13,52031
2011-05-16,52002
2011-05-17,51959
2011-05-18,51950
2011-05-19,51919
2011-05-20,51909
2011-05-23,51893
2011-05-24,51965
2011-05-26,52066
2011-05-27,52150
2011-05-30,52148
2011-05-31,52060
2011-06-01,52001
2011-06-02,52028
2011-06-03,52046
2011-06-06,52043
2011-06-07,52066
2011-06-08,52039
2011-06-09,52070
2011-06-10,52131
2011-06-13,52176
2011-06-14,52206
2011-06-15,52147
2011-06-16,52160
2011-06-17,52208
2011-06-21,52236
2011-06-22,52259
2011-06-23,52153
2011-06-24,52089
2011-06-27,52036
2011-06-28,52090
2011-06-29,51794
2011-06-30,51695
2011-07-01,51749
2011-07-04,51779
2011-07-05,51525
2011-07-06,51566
2011-07-07,51601
2011-07-08,51588
2011-07-11,51611
2011-07-12,51713
2011-07-13,51879
2011-07-14,52023
2011-07-15,52031
2011-07-18,52003
2011-07-19,51969
2011-07-20,51987
2011-07-21,51982
2011-07-22,51988
2011-07-25,51934
2011-07-26,52016
2011-07-27,52025
2011-07-28,51968
2011-07-29,51923
2011-08-01,51853
2011-08-02,51863
2011-08-03,52001
2011-08-04,51722
2011-08-05,50318
2011-08-08,50277
2011-08-09,50226
2011-08-10,50333
2011-08-11,50293
2011-08-12,50330
2011-08-15,50210
2011-08-16,50150
2011-08-17,50119
2011-08-18,50072
2011-08-19,50102
2011-08-23,50109
2011-08-24,50061
2011-08-25,50041
2011-08-26,50090
2011-08-29,50043
2011-08-30,50036
2011-08-31,49990
2011-09-01,49913
2011-09-02,49956
2011-09-05,49954
2011-09-06,49773
2011-09-07,49676
2011-09-08,49691
2011-09-09,49688
2011-09-12,49586
2011-09-13,49589
2011-09-14,49556
2011-09-15,49452
2011-09-16,49424
2011-09-19,49231
2011-09-20,49270
2011-09-21,49264
2011-09-22,49142
2011-09-23,49060
2011-09-26,48983
2011-09-27,48995
2011-09-28,48860
2011-09-29,48721
2011-09-30,48590
2011-10-03,48409
2011-10-04,48279
2011-10-05,48249
2011-10-06,48310
2011-10-07,48235
2011-10-11,48132
2011-10-12,48209
2011-10-13,48205
2011-10-14,48241
2011-10-17,48032
2011-10-18,48095
2011-10-19,47985
2011-10-20,47828
2011-10-21,47806
2011-10-24,47806
2011-10-25,47768
2011-10-26,47701
2011-10-27,47627
2011-10-28,47587
2011-10-31,47523
2011-11-01,47429
2011-11-02,47450
2011-11-03,47408
2011-11-04,47274
2011-11-07,47089
2011-11-08,46964
2011-11-09,46824
2011-11-10,46661
2011-11-11,46581
2011-11-14,46317
2011-11-15,46127
2011-11-16,46077
2011-11-17,46005
2011-11-18,46022
2011-11-21,45966
2011-11-22,46059
2011-11-23,46033
2011-11-24,46052
2011-11-25,45947
2011-11-29,46000
2011-11-30,46062
2011-12-01,46105
2011-12-02,46138
2011-12-05,46087
2011-12-06,46164
2011-12-07,46371
2011-12-12,46443
2011-12-13,46574
2011-12-14,44703
2011-12-15,44809
2011-12-16,45060
2011-12-19,45221
2011-12-20,45412
2011-12-21,45676
2011-12-22,46096
2011-12-23,46274
2011-12-27,46323
2011-12-28,46229
2011-12-29,46319
2011-12-30,46376
2012-01-03,46231
2012-01-04,46446
2012-01-05,46440
2012-01-06,46426
2012-01-09,46222
2012-01-10,46375
2012-01-11,46419
2012-01-12,46517
2012-01-13,46636
2012-01-16,46636
2012-01-17,46682
2012-01-18,46646
2012-01-19,46672
2012-01-20,46678
2012-01-23,46729
2012-01-24,46699
2012-01-25,46680
2012-01-26,46700
2012-01-27,46669
2012-01-30,46609
2012-01-31,46594
2012-02-01,46673
2012-02-02,46685
2012-02-03,46700
2012-02-06,46692
2012-02-07,46722
2012-02-08,46747
2012-02-09,46749
2012-02-10,46818
2012-02-13,46873
2012-02-14,46884
2012-02-15,46829
2012-02-16,46826
2012-02-17,46869
2012-02-22,46885
2012-02-23,46906
2012-02-24,46897
2012-02-28,46899
2012-02-29,46668
2012-03-01,46700
2012-03-02,46781
2012-03-05,46838
2012-03-06,46828
2012-03-07,46894
2012-03-08,47056
2012-03-09,47112
2012-03-12,47178
2012-03-13,47223
2012-03-14,47165
2012-03-15,47149
2012-03-16,47243
2012-03-19,47249
2012-03-20,47286
2012-03-21,47304
2012-03-22,47315
2012-03-23,47371
2012-03-26,47415
2012-03-27,47470
2012-03-28,47512
2012-03-29,47531
2012-03-30,47291
2012-04-03,47241
2012-04-04,47164
2012-04-09,47177
2012-04-10,47279
2012-04-11,47381
2012-04-12,47508
2012-04-13,47598
2012-04-16,47442
2012-04-17,47470
2012-04-18,47437
2012-04-19,47443
2012-04-20,47472
2012-04-23,47518
2012-04-24,47627
2012-04-25,47644
2012-04-26,47715
2012-04-27,47844
2012-05-02,47553
2012-05-03,47492
2012-05-04,47593
2012-05-07,47587
2012-05-08,47458
2012-05-09,47425
2012-05-10,47532
2012-05-11,47643
2012-05-14,47515
2012-05-15,47589
2012-05-16,47648
2012-05-17,47645
2012-05-18,47589
2012-05-21,47484
2012-05-22,47302
2012-05-23,47171
2012-05-24,47154
2012-05-28,47157
2012-05-29,47086
2012-05-30,46952
2012-05-31,46978
2012-06-01,47111
2012-06-04,47037
2012-06-05,46886
2012-06-06,46838
2012-06-07,46733
2012-06-08,46737
2012-06-11,46717
2012-06-12,46687
2012-06-13,46637
2012-06-14,46498
2012-06-15,46504
2012-06-18,46511
2012-06-19,46451
2012-06-21,46308
2012-06-22,46296
2012-06-25,46394
2012-06-26,46393
2012-06-27,46453
2012-06-28,46475
2012-06-29,46348
2012-07-02,46215
2012-07-03,46314
2012-07-04,46293
2012-07-05,46435
2012-07-06,46436
2012-07-10,46520
2012-07-11,46608
2012-07-12,46665
2012-07-13,46747
2012-07-16,46812
2012-07-17,46816
2012-07-18,46811
2012-07-19,46752
2012-07-20,46792
2012-07-23,46779
2012-07-24,46732
2012-07-25,46735
2012-07-26,46809
2012-07-27,46839
2012-07-30,46723
2012-07-31,46818
2012-08-01,46807
2012-08-02,46727
2012-08-03,45009
2012-08-06,45032
2012-08-07,45037
2012-08-08,45054
2012-08-09,45080
2012-08-10,45131
2012-08-13,45133
2012-08-14,45072
2012-08-15,45059
2012-08-16,45099
2012-08-17,45100
2012-08-21,45136
2012-08-22,45118
2012-08-23,45140
2012-08-24,45215
2012-08-27,45212
2012-08-28,45202
2012-08-29,45077
2012-08-30,45054
2012-08-31,45152
2012-09-03,45168
2012-09-04,45152
2012-09-05,45162
2012-09-06,45205
2012-09-07,45264
2012-09-10,45263
2012-09-11,45271
2012-09-12,45274
2012-09-13,45306
2012-09-14,45362
2012-09-17,45253
2012-09-18,45261
2012-09-19,45250
2012-09-20,45239
2012-09-21,45311
2012-09-25,45244
2012-09-26,45161
2012-09-27,45176
2012-09-28,45010
2012-10-01,45089
2012-10-02,45107
2012-10-03,44975
2012-10-04,45020
2012-10-05,45130
2012-10-09,45125
2012-10-10,45142
2012-10-11,45162
2012-10-12,45109
2012-10-15,44979
2012-10-16,44974
2012-10-17,44924
2012-10-18,44922
2012-10-19,44935
2012-10-22,44893
2012-10-23,44854
2012-10-24,44792
2012-10-25,45313
2012-10-26,45253
2012-10-29,45269
2012-10-30,45128
2012-10-31,45274
2012-11-01,45270
2012-11-02,45219
2012-11-05,45273
2012-11-07,45388
2012-11-08,45402
2012-11-09,45444
2012-11-12,45429
2012-11-13,45417
2012-11-14,45438
2012-11-15,45356
2012-11-16,45364
2012-11-19,45344
2012-11-20,45292
2012-11-21,45295
2012-11-22,45286
2012-11-23,45285
2012-11-27,45267
2012-11-28,45169
2012-11-29,45122
2012-11-30,45238
2012-12-03,45293
2012-12-04,45315
2012-12-05,45289
2012-12-06,45291
2012-12-07,45397
2012-12-10,45491
2012-12-11,45617
2012-12-12,45678
2012-12-13,45684
2012-12-14,43070
2012-12-17,43043
2012-12-18,43110
2012-12-19,43131
2012-12-20,43162
2012-12-21,43292
2012-12-26,43390
2012-12-27,43451
2012-12-28,43194
2012-12-31,43290
2013-01-02,43232
2013-01-03,43196
2013-01-04,43047
2013-01-07,43046
2013-01-08,42971
2013-01-09,42950
2013-01-10,43004
2013-01-11,42980
2013-01-14,43009
2013-01-15,43004
2013-01-16,43032
2013-01-17,43084
2013-01-18,43058
2013-01-21,43055
2013-01-22,43015
2013-01-23,42940
2013-01-24,42832
2013-01-25,42766
2013-01-28,42707
2013-01-29,42590
2013-01-30,42531
2013-02-01,42648
2013-02-04,42657
2013-02-05,42673
2013-02-06,42568
2013-02-07,42405
2013-02-08,42301
2013-02-13,42295
2013-02-14,42195
2013-02-15,42171
2013-02-18,42175
2013-02-19,42017
2013-02-21,41877
2013-02-22,41803
2013-02-25,41844
2013-02-26,41821
2013-02-27,41540
2013-02-28,41609
2013-03-01,41576
2013-03-04,41518
2013-03-05,41502
2013-03-06,41492
2013-03-07,41456
2013-03-08,41528
2013-03-11,41497
2013-03-12,41406
2013-03-13,41377
2013-03-14,41399
2013-03-15,41242
2013-03-18,41205
2013-03-19,41085
2013-03-20,40988
2013-03-21,41038
2013-03-22,40945
2013-03-25,40867
2013-03-26,40807
2013-03-27,40446
2013-04-03,40413
2013-04-04,40384
2013-04-05,40451
2013-04-08,40413
2013-04-09,40450
2013-04-10,40425
2013-04-11,40448
2013-04-12,40326
2013-04-15,39998
2013-04-16,40064
2013-04-17,39816
2013-04-18,39793
2013-04-19,39801
2013-04-22,39790
2013-04-23,39725
2013-04-24,39710
2013-04-25,39778
2013-04-26,39750
2013-04-29,39642
2013-04-30,39532
2013-05-02,39559
2013-05-03,39440
2013-05-06,39443
2013-05-07,39361
2013-05-08,39280
2013-05-09,39220
2013-05-10,39152
2013-05-13,39122
2013-05-14,39072
2013-05-15,38952
2013-05-16,38868
2013-05-17,38819
2013-05-20,38840
2013-05-21,38802
2013-05-22,38768
2013-05-23,38748
2013-05-24,38814
2013-05-27,38821
2013-05-28,38674
2013-05-29,38540
2013-05-30,38649
2013-05-31,38551
2013-06-03,38616
2013-06-04,38520
2013-06-05,38514
2013-06-06,38520
2013-06-07,38598
2013-06-10,38641
2013-06-11,38599
2013-06-12,38610
2013-06-13,38530
2013-06-14,38375
2013-06-17,38298
2013-06-18,38286
2013-06-19,38298
2013-06-24,38038
2013-06-25,37944
2013-06-26,37782
2013-06-27,37595
2013-06-28,37005
2013-07-01,37132
2013-07-02,37156
2013-07-03,37213
2013-07-04,37205
2013-07-05,37130
2013-07-08,37229
2013-07-10,37333
2013-07-11,37416
2013-07-12,37469
2013-07-15,37461
2013-07-16,37444
2013-07-17,37413
2013-07-18,37435
2013-07-19,37464
2013-07-22,37471
2013-07-23,37416
2013-07-24,37365
2013-07-25,37303
2013-07-26,37312
2013-07-29,37296
2013-07-30,36924
2013-07-31,37049
2013-08-01,37034
2013-08-02,37089
2013-08-05,37084
2013-08-06,37026
2013-08-07,37022
2013-08-08,37068
2013-08-09,37061
2013-08-12,37060
2013-08-13,36993
2013-08-14,36963
2013-08-15,37024
2013-08-16,37056
2013-08-20,37083
2013-08-21,37053
2013-08-22,37010
2013-08-23,37011
2013-08-26,36929
2013-08-27,36911
2013-08-28,36878
2013-08-29,36837
2013-08-30,36678
2013-09-02,36676
2013-09-03,36722
2013-09-04,36668
2013-09-05,36708
2013-09-06,36717
2013-09-09,36652
2013-09-10,36578
2013-09-11,36491
2013-09-12,35261
2013-09-13,35195
2013-09-16,35150
2013-09-17,34965
2013-09-18,35107
2013-09-19,35179
2013-09-20,35000
2013-09-23,35021
2013-09-24,35059
2013-09-25,34994
2013-09-26,34891
2013-09-27,34692
2013-09-30,34741
2013-10-01,34825
2013-10-02,34714
2013-10-03,34615
2013-10-04,34746
2013-10-07,34707
2013-10-08,34632
2013-10-09,34678
2013-10-10,34538
2013-10-11,34402
2013-10-15,34387
2013-10-16,34410
2013-10-17,34339
2013-10-18,34247
2013-10-21,34112
2013-10-22,34090
2013-10-23,33984
2013-10-24,34014
2013-10-25,33971
2013-10-28,33617
2013-10-29,33369
2013-10-30,33238
2013-10-31,33232
2013-11-01,33312
2013-11-04,33236
2013-11-05,33070
2013-11-07,33055
2013-11-08,32966
2013-11-11,32954
2013-11-12,32624
2013-11-13,32502
2013-11-14,32494
2013-11-15,32389
2013-11-18,32150
2013-11-19,31980
2013-11-20,31786
2013-11-21,31541
2013-11-22,31399
2013-11-26,31319
2013-11-27,31156
2013-11-28,31199
2013-11-29,30799
2013-12-02,30665
2013-12-03,30589
2013-12-04,30509
2013-12-05,30383
2013-12-06,30467
2013-12-09,30470
2013-12-10,30430
2013-12-11,30587
2013-12-12,30525
2013-12-13,30509
2013-12-16,30610
2013-12-17,30574
2013-12-18,30634
2013-12-19,30656
2013-12-20,30680
2013-12-23,30702
2013-12-26,30777
2013-12-27,30828
2013-12-30,30600
2014-01-02,30586
2014-01-03,30529
2014-01-06,30352
2014-01-07,30437
2014-01-08,30230
2014-01-09,30222
2014-01-10,30156
2014-01-13,30105
2014-01-14,30025
2014-01-15,29863
2014-01-16,29692
2014-01-17,29681
2014-01-20,29682
2014-01-21,29405
2014-01-22,29325
2014-01-23,29074
2014-01-24,28872
2014-01-27,28704
2014-01-28,28445
2014-01-29,28201
2014-01-30,27822
2014-01-31,27748
2014-02-03,27795
2014-02-04,27779
2014-02-05,27774
2014-02-06,27735
2014-02-07,27784
2014-02-10,27644
2014-02-11,27709
2014-02-12,27728
2014-02-13,27754
2014-02-14,27712
2014-02-17,27728
2014-02-18,27718
2014-02-19,27716
2014-02-20,27606
2014-02-21,27588
2014-02-24,27575
2014-02-25,27575
2014-02-26,27482
2014-02-27,27373
2014-02-28,27546
2014-03-05,27646
2014-03-06,27644
2014-03-07,27636
2014-03-10,27610
2014-03-11,27618
2014-03-12,27462
2014-03-13,27472
2014-03-14,27471
2014-03-17,27318
2014-03-18,27208
2014-03-19,27165
2014-03-20,27133
2014-03-21,27156
2014-03-25,27089
2014-03-26,27106
2014-03-27,26939
2014-03-28,26910
2014-03-31,27007
2014-04-01,26989
2014-04-03,26729
2014-04-04,27213
2014-04-07,27331
2014-04-08,27469
2014-04-09,27608
2014-04-10,27636
2014-04-11,27743
2014-04-14,27756
2014-04-15,27768
2014-04-16,27813
2014-04-21,27817
2014-04-22,27820
2014-04-23,27831
2014-04-24,27903
2014-04-25,28105
2014-04-28,28172
2014-04-29,28112
2014-04-30,28220
2014-05-05,28249
2014-05-06,28297
2014-05-07,28307
2014-05-08,28323
2014-05-09,28336
2014-05-12,28356
2014-05-13,28358
2014-05-14,28373
2014-05-15,28383
2014-05-16,28391
2014-05-19,28390
2014-05-20,28398
2014-05-21,28350
2014-05-22,28433
2014-05-23,28514
2014-05-26,28514
2014-05-27,28499
2014-05-28,28541
2014-05-29,28520
2014-05-30,28542
2014-06-02,28599
2014-06-03,28627
2014-06-04,28639
2014-06-05,28635
2014-06-06,28623
2014-06-09,28789
2014-06-10,28781
2014-06-11,28800
2014-06-12,28820
2014-06-13,28844
2014-06-16,28834
2014-06-17,28841
2014-06-18,28872
2014-06-19,28884
2014-06-23,28893
2014-06-24,29025
2014-06-25,29073
2014-06-26,29133
2014-06-27,29255
2014-06-30,29278
2014-07-01,29339
2014-07-02,29352
2014-07-03,29478
2014-07-04,29478
2014-07-07,29537
2014-07-08,29545
2014-07-10,29621
2014-07-11,29632
2014-07-14,29626
2014-07-15,29633
2014-07-16,29637
2014-07-17,29672
2014-07-18,29676
2014-07-21,29692
2014-07-22,29694
2014-07-23,29700
2014-07-24,29713
2014-07-25,29704
2014-07-28,29018
2014-07-29,29018
2014-07-30,28801
2014-07-31,29003
2014-08-01,28997
2014-08-04,28893
2014-08-05,28928
2014-08-06,28932
2014-08-07,28957
2014-08-08,28962
2014-08-11,28961
2014-08-12,28962
2014-08-13,28970
2014-08-14,28971
2014-08-15,28953
2014-08-19,28952
2014-08-20,28923
2014-08-21,28859
2014-08-22,28781
2014-08-25,28675
2014-08-26,28587
2014-08-27,28606
2014-08-28,28635
2014-08-29,28620
2014-09-01,28614
2014-09-02,28551
2014-09-03,28507
2014-09-04,28471
2014-09-05,28385
2014-09-08,28337
2014-09-09,28432
2014-09-10,28414
2014-09-11,28412
2014-09-12,28394
2014-09-15,28228
2014-09-16,28283
2014-09-17,28272
2014-09-18,28275
2014-09-19,28224
2014-09-22,28221
2014-09-23,28222
2014-09-24,28215
2014-09-25,28183
2014-09-26,28008
2014-09-29,27881
2014-09-30,27866
2014-10-01,27921
2014-10-02,27948
2014-10-03,27785
2014-10-06,27762
2014-10-07,27734
2014-10-08,27676
2014-10-09,27620
2014-10-10,27591
2014-10-14,27589
2014-10-15,27437
2014-10-16,27446
2014-10-17,27299
2014-10-20,27282
2014-10-21,27359
2014-10-22,27377
2014-10-23,27402
2014-10-24,27412
2014-10-27,27338
2014-10-28,27356
2014-10-29,27346
2014-10-30,28109
2014-10-31,28111
2014-11-03,28077
2014-11-04,28068
2014-11-05,28075
2014-11-07,28108
2014-11-10,28170
2014-11-11,28172
2014-11-12,28176
2014-11-13,28207
2014-11-14,28288
2014-11-17,28793
2014-11-18,28816
2014-11-19,28817
2014-11-20,28816
2014-11-21,28812
2014-11-25,28889
2014-11-26,28895
2014-11-27,28872
2014-11-28,28911
2014-12-01,28941
2014-12-02,28897
2014-12-03,28909
2014-12-04,28905
2014-12-05,28931
2014-12-09,29189
2014-12-10,29212
2014-12-11,30185
2014-12-12,30269
2014-12-15,30271
2014-12-16,30442
2014-12-17,30715
2014-12-18,30823
2014-12-19,30855
2014-12-22,30930
2014-12-23,31076
2014-12-24,31116
2014-12-29,31159
2014-12-30,31407
2015-01-02,31337
2015-01-05,31313
2015-01-06,31315
2015-01-07,31248
2015-01-08,31073
2015-01-09,31076
2015-01-12,31103
2015-01-13,31281
2015-01-14,31298
2015-01-15,31318
2015-01-16,31311
2015-01-19,31315
2015-01-20,31276
2015-01-21,31262
2015-01-22,31265
2015-01-23,31229
2015-01-26,31287
2015-01-27,31300
2015-01-28,31304
2015-01-29,31350
2015-01-30,31452
2015-02-02,31403
2015-02-03,31240
2015-02-04,31239
2015-02-05,31269
2015-02-06,31284
2015-02-09,31291
2015-02-10,31315
2015-02-11,31316
2015-02-12,31353
2015-02-13,31354
2015-02-18,31333
2015-02-19,31344
2015-02-20,31360
2015-02-23,31381
2015-02-24,31403
2015-02-25,31406
2015-02-26,31412
2015-02-27,31470
2015-03-02,31467
2015-03-03,31458
2015-03-04,31449
2015-03-05,31440
2015-03-06,31405
2015-03-09,31395
2015-03-10,31393
2015-03-11,31368
2015-03-12,31380
2015-03-13,31391
2015-03-16,31428
2015-03-17,31419
2015-03-18,31423
2015-03-19,31431
2015-03-20,31441
2015-03-25,31457
2015-03-26,31465
2015-03-27,31464
2015-03-30,31460
2015-03-31,31490
2015-04-01,31505
2015-04-06,31510
2015-04-07,31513
2015-04-08,31516
2015-04-09,31516
2015-04-10,31524
2015-04-13,31524
2015-04-14,31523
2015-04-15,31507
2015-04-16,31515
2015-04-17,31419
2015-04-20,31424
2015-04-21,31440
2015-04-22,31438
2015-04-23,32688
2015-04-24,32687
2015-04-27,32687
2015-04-28,33221
2015-04-29,33910
2015-04-30,33909
2015-05-04,33910
2015-05-05,33901
2015-05-06,33905
2015-05-07,33874
2015-05-08,33852
2015-05-11,33856
2015-05-12,33866
2015-05-13,33860
2015-05-14,33861
2015-05-15,33866
2015-05-18,33871
2015-05-19,33868
2015-05-20,33873
2015-05-21,33875
2015-05-22,33881
2015-05-26,33818
2015-05-27,33817
2015-05-28,33272
2015-05-29,33283
2015-06-01,33283
2015-06-02,33288
2015-06-03,33280
2015-06-04,33306
2015-06-05,33285
2015-06-08,33288
2015-06-09,33795
2015-06-10,33807
2015-06-11,33813
2015-06-12,33813
2015-06-15,33817
2015-06-16,33816
2015-06-17,33818
2015-06-18,33824
2015-06-19,33829
2015-06-22,33821
2015-06-23,33816
2015-06-24,33821
2015-06-25,33835
2015-06-26,33833
2015-06-29,33842
2015-06-30,33851
2015-07-01,33847
2015-07-02,33850
2015-07-03,33849
2015-07-06,33834
2015-07-07,33829
2015-07-08,33829
2015-07-10,33834
2015-07-13,33841
2015-07-14,33837
2015-07-15,33843
2015-07-16,33843
2015-07-17,33853
2015-07-20,33845
2015-07-21,33861
2015-07-22,33928
2015-07-23,33929
2015-07-24,33933
2015-07-27,33931
2015-07-28,33933
2015-07-29,33931
2015-07-30,33927
2015-07-31,33943
2015-08-03,33915
2015-08-04,33888
2015-08-05,33849
2015-08-06,33837
2015-08-07,33837
2015-08-10,33842
2015-08-11,33712
2015-08-12,33692
2015-08-13,33632
2015-08-14,33653
2015-08-18,33663
2015-08-19,33664
2015-08-20,33674
2015-08-21,33684
2015-08-24,33674
2015-08-25,33634
2015-08-26,33606
2015-08-27,33599
2015-08-28,33598
2015-08-31,33606
2015-09-01,33582
2015-09-02,33569
2015-09-03,33542
2015-09-04,33552
2015-09-07,33546
2015-09-08,33521
2015-09-09,33500
2015-09-10,33499
2015-09-11,33505
2015-09-14,33492
2015-09-15,33453
2015-09-16,33445
2015-09-17,33452
2015-09-18,33425
2015-09-21,33396
2015-09-22,33401
2015-09-23,33338
2015-09-24,33343
2015-09-25,33104
2015-09-28,33318
2015-09-29,33288
2015-09-30,33257
2015-10-01,32471
2015-10-02,32462
2015-10-05,27713
2015-10-06,27722
2015-10-07,27691
2015-10-08,27747
2015-10-09,27758
2015-10-13,27753
2015-10-14,27755
2015-10-15,27636
2015-10-16,27635
2015-10-19,27389
2015-10-20,27389
2015-10-21,27335
2015-10-22,27300
2015-10-23,27305
2015-10-26,27162
2015-10-27,27060
2015-10-28,27037
2015-10-29,26965
2015-10-30,26970
2015-11-02,26938
2015-11-03,26877
2015-11-04,26807
2015-11-05,26710
2015-11-09,26440
2015-11-10,26391
2015-11-11,26278
2015-11-12,26246
2015-11-13,26203
2015-11-16,26111
2015-11-17,25924
2015-11-18,25933
2015-11-19,25889
2015-11-20,25841
2015-11-23,25812
2015-11-24,25782
2015-11-25,25768
2015-11-26,25761
2015-11-30,25615
2015-12-01,25410
2015-12-02,25184
2015-12-03,25046
2015-12-04,25030
2015-12-09,25092
2015-12-10,24862
2015-12-11,24661
2015-12-14,24473
2015-12-15,24290
2015-12-16,24164
2015-12-17,24141
2015-12-18,24396
2015-12-21,24417
2015-12-22,24441
2015-12-23,24720
2015-12-24,24858
2015-12-28,25077
2015-12-29,25267
2015-12-30,25385
2015-12-31,25563
2016-01-04,25515
2016-01-05,25512
2016-01-06,25668
2016-01-07,25671
2016-01-08,25559
2016-01-11,25710
2016-01-12,25610
2016-01-13,25591
2016-01-14,25543
2016-01-15,25645
2016-01-18,25665
2016-01-19,25587
2016-01-20,25546
2016-01-21,25369
2016-01-22,25375
2016-01-25,25389
2016-01-26,25414
2016-01-27,25322
2016-01-28,25243
2016-01-29,30074
2016-02-01,29985
2016-02-02,29928
2016-02-03,29892
2016-02-04,29835
2016-02-05,29674
2016-02-10,29732
2016-02-11,29833
2016-02-12,29656
2016-02-15,29676
2016-02-16,29437
2016-02-17,29317
2016-02-18,29273
2016-02-19,29178
2016-02-22,29068
2016-02-23,28890
2016-02-24,28860
2016-02-25,28767
2016-02-26,28551
2016-02-29,28399
2016-03-01,28195
2016-03-02,28124
2016-03-03,28121
2016-03-04,28215
2016-03-07,28167
2016-03-08,28164
2016-03-09,28113
2016-03-10,28130
2016-03-11,28145
2016-03-14,28029
2016-03-15,27849
2016-03-16,29080
2016-03-17,29238
2016-03-18,29195
2016-03-21,29149
2016-03-22,29117
2016-03-23,29886
2016-03-28,29842
2016-03-29,29881
2016-03-30,29852
2016-03-31,29572
2016-04-01,29407
2016-04-04,29421
2016-04-05,29544
2016-04-06,29462
2016-04-07,29557
2016-04-08,29512
2016-04-11,29524
2016-04-12,29528
2016-04-13,29442
2016-04-14,29353
2016-04-15,29239
2016-04-18,29224
2016-04-19,29295
2016-04-20,29254
2016-04-21,29186
2016-04-22,35043
2016-04-25,35009
2016-04-26,34906
2016-04-27,34741
2016-04-28,34655
2016-04-29,34380
2016-05-02,34314
2016-05-03,34220
2016-05-04,31518
2016-05-05,31392
2016-05-06,31311
2016-05-09,30986
2016-05-10,31077
2016-05-11,31176
2016-05-12,31079
2016-05-13,31348
2016-05-16,31356
2016-05-17,31632
2016-05-18,31645
2016-05-19,32088
2016-05-20,32033
2016-05-23,32268
2016-05-24,31643
2016-05-26,30829
2016-05-27,30391
2016-05-30,30348
2016-05-31,30171
2016-06-01,30742
2016-06-02,30757
2016-06-03,31033
2016-06-06,30936
2016-06-07,30849
2016-06-08,30987
2016-06-09,30981
2016-06-10,31354
2016-06-13,31263
2016-06-14,31219
2016-06-15,32190
2016-06-16,32137
2016-06-21,32095
2016-06-22,32045
2016-06-23,32024
2016-06-24,31858
2016-06-27,31708
2016-06-28,31707
2016-06-29,31112
2016-06-30,30507
2016-07-01,30749
2016-07-04,30768
2016-07-05,30737
2016-07-06,33425
2016-07-07,33673
2016-07-11,33647
2016-07-12,33886
2016-07-13,33986
2016-07-14,33977
2016-07-15,33927
2016-07-18,33845
2016-07-19,34039
2016-07-20,33900
2016-07-21,33849
2016-07-22,33784
2016-07-25,33691
2016-07-26,34290
2016-07-27,34274
2016-07-28,34244
2016-07-29,32511
2016-08-01,32628
2016-08-02,32618
2016-08-03,32497
2016-08-04,32479
2016-08-05,32453
2016-08-08,32488
2016-08-09,32535
2016-08-10,32566
2016-08-11,32425
2016-08-12,32251
2016-08-16,32239
2016-08-17,32087
2016-08-18,32338
2016-08-19,31963
2016-08-22,31965
2016-08-23,31931
2016-08-24,31847
2016-08-25,31924
2016-08-26,31809
2016-08-29,31557
2016-08-30,31432
2016-08-31,31150
2016-09-01,31102
2016-09-02,31070
2016-09-05,31126
2016-09-06,31324
2016-09-07,31330
2016-09-08,31265
2016-09-09,31274
2016-09-12,31250
2016-09-13,31084
2016-09-14,31028
2016-09-15,30873
2016-09-16,30813
2016-09-19,30743
2016-09-20,30697
2016-09-21,30710
2016-09-22,30736
2016-09-23,30748
2016-09-26,30708
2016-09-27,30596
2016-09-28,30389
2016-09-29,30009
2016-09-30,29902
2016-10-03,32296
2016-10-04,32469
2016-10-05,32510
2016-10-06,32469
2016-10-07,32533
2016-10-11,32457
2016-10-12,35553
2016-10-13,35482
2016-10-14,35545
2016-10-17,39331
2016-10-18,39715
2016-10-19,39651
2016-10-20,40632
2016-10-21,40264
2016-10-24,40572
2016-10-25,40840
2016-10-26,40885
2016-10-27,39841
2016-10-28,40020
2016-10-31,37210
2016-11-01,37533
2016-11-02,37622
2016-11-03,37616
2016-11-04,37940
2016-11-07,37691
2016-11-08,38070
2016-11-09,38058
2016-11-10,38016
2016-11-11,37958
2016-11-14,37938
2016-11-15,37901
2016-11-16,37875
2016-11-17,37426
2016-11-18,37283
2016-11-21,37461
2016-11-22,37610
2016-11-23,37554
2016-11-24,37575
2016-11-25,37682
2016-11-29,37561
2016-11-30,37378
2016-12-01,37275
2016-12-02,37536
2016-12-05,37537
2016-12-06,37592
2016-12-07,37811
2016-12-12,36776
2016-12-13,36869
2016-12-14,37007
2016-12-15,36878
2016-12-16,37086
2016-12-19,37203
2016-12-20,37930
2016-12-21,38189
2016-12-22,38173
2016-12-23,38511
2016-12-26,38509
2016-12-27,38956
2016-12-28,39204
2016-12-29,39362
2016-12-30,39308
2017-01-02,39296
2017-01-03,39486
2017-01-04,39580
2017-01-05,39856
2017-01-06,39802
2017-01-09,39661
2017-01-10,39702
2017-01-11,39665
2017-01-12,39890
2017-01-13,40114
2017-01-16,40135
2017-01-17,40202
2017-01-18,40184
2017-01-19,40051
2017-01-20,40003
2017-01-23,40002
2017-01-24,39915
2017-01-25,39884
2017-01-26,46634
2017-01-27,46651
2017-01-30,46847
2017-01-31,46887
2017-02-01,46750
2017-02-02,46647
2017-02-03,46653
2017-02-06,46705
2017-02-07,46743
2017-02-08,47178
2017-02-09,47178
2017-02-10,47431
2017-02-13,47360
2017-02-14,47188
2017-02-15,48624
2017-02-16,48702
2017-02-17,49085
2017-02-20,49052
2017-02-21,50751
2017-02-22,50768
2017-02-23,50801
2017-02-24,50608
2017-03-01,50551
2017-03-02,51114
2017-03-03,51010
2017-03-06,51495
2017-03-07,51457
2017-03-08,51494
2017-03-09,51599
2017-03-10,51651
2017-03-13,51816
2017-03-14,51772
2017-03-15,51618
2017-03-16,51649
2017-03-17,51667
2017-03-20,51929
2017-03-21,51950
2017-03-22,51926
2017-03-23,51745
2017-03-27,51661
2017-03-28,51515
2017-03-29,51190
2017-03-30,50907
2017-03-31,50522
2017-04-03,51851
2017-04-04,51885
2017-04-05,51926
2017-04-06,52008
2017-04-07,52091
2017-04-10,52088
2017-04-11,52246
2017-04-12,52696
2017-04-17,48579
2017-04-18,49095
2017-04-19,48944
2017-04-20,48892
2017-04-21,48314
2017-04-24,48349
2017-04-25,48260
2017-04-26,48176
2017-04-27,48460
2017-04-28,48217
2017-05-02,48227
2017-05-03,48361
2017-05-04,48336
2017-05-05,48360
2017-05-08,48032
2017-05-09,48040
2017-05-10,48056
2017-05-11,48075
2017-05-12,48628
2017-05-15,48566
2017-05-16,48659
2017-05-17,48627
2017-05-18,48400
2017-05-19,48027
2017-05-22,47855
2017-05-23,47468
2017-05-24,46767
2017-05-26,45872
2017-05-29,45851
2017-05-30,45814
2017-05-31,46146
2017-06-01,45082
2017-06-02,45070
2017-06-05,45142
2017-06-06,45093
2017-06-07,45080
2017-06-08,44922
2017-06-09,44899
2017-06-12,44775
2017-06-13,44641
2017-06-14,44733
2017-06-15,44632
2017-06-16,44780
2017-06-19,44758
2017-06-21,45872
2017-06-22,45917
2017-06-23,45897
2017-06-26,45687
2017-06-27,45546
2017-06-28,47703
2017-06-29,46997
2017-06-30,47995
2017-07-03,47819
2017-07-04,47761
2017-07-05,47793
2017-07-06,47995
2017-07-07,48569
2017-07-10,48512
2017-07-11,48455
2017-07-12,48327
2017-07-13,48273
2017-07-14,48246
2017-07-17,47951
2017-07-18,47781
2017-07-19,47702
2017-07-20,48115
2017-07-21,48138
2017-07-24,47869
2017-07-25,47513
2017-07-26,47391
2017-07-27,47471
2017-07-28,47098
2017-07-31,47014
2017-08-01,46840
2017-08-02,46821
2017-08-03,46770
2017-08-04,49305
2017-08-07,49081
2017-08-08,48982
2017-08-09,48641
2017-08-10,48366
2017-08-11,48216
2017-08-14,47754
2017-08-15,47740
2017-08-16,47848
2017-08-17,48049
2017-08-18,47992
2017-08-22,47941
2017-08-23,47783
2017-08-24,47908
2017-08-25,49022
2017-08-28,49381
2017-08-29,49343
2017-08-30,49235
2017-08-31,48877
2017-09-01,49433
2017-09-04,49477
2017-09-05,51296
2017-09-06,51317
2017-09-07,51240
2017-09-08,51274
2017-09-11,51078
2017-09-12,50890
2017-09-13,51043
2017-09-14,50975
2017-09-15,51024
2017-09-18,50839
2017-09-19,51112
2017-09-20,51366
2017-09-21,51292
2017-09-22,51331
2017-09-25,51158
2017-09-26,50971
2017-09-27,50889
2017-09-28,50515
2017-09-29,50237
2017-10-02,50646
2017-10-03,50655
2017-10-04,50726
2017-10-05,50847
2017-10-06,50860
2017-10-09,50892
2017-10-10,51077
2017-10-11,50943
2017-10-12,51913
2017-10-13,52852
2017-10-17,52591
2017-10-18,52456
2017-10-19,52501
2017-10-20,51942
2017-10-23,51986
2017-10-24,51921
2017-10-25,51884
2017-10-26,51864
2017-10-27,51903
2017-10-30,51995
2017-10-31,51810
2017-11-01,52124
2017-11-02,52210
2017-11-03,52066
2017-11-07,51563
2017-11-08,51599
2017-11-09,54748
2017-11-10,54730
2017-11-13,54750
2017-11-14,54746
2017-11-15,54653
2017-11-16,54571
2017-11-17,54503
2017-11-21,54599
2017-11-22,55004
2017-11-23,54928
2017-11-24,54968
2017-11-27,54919
2017-11-28,54764
2017-11-29,54662
2017-11-30,54563
2017-12-01,54905
2017-12-04,54849
2017-12-05,54749
2017-12-06,54816
2017-12-07,55163
2017-12-11,55300
2017-12-12,55308
2017-12-13,55417
2017-12-14,55502
2017-12-15,55997
2017-12-18,55906
2017-12-19,55932
2017-12-20,56086
2017-12-21,56224
2017-12-22,56415
2017-12-26,56339
2017-12-27,56280
2017-12-28,56149
2017-12-29,55055
2018-01-02,55731
2018-01-03,55706
2018-01-04,55623
2018-01-05,55459
2018-01-08,55261
2018-01-09,55130
2018-01-10,55022
2018-01-11,63906
2018-01-12,63683
2018-01-15,63746
2018-01-16,63588
2018-01-17,63504
2018-01-18,63378
2018-01-19,63225
2018-01-22,63148
2018-01-23,63122
2018-01-24,63167
2018-01-25,62943
2018-01-26,62533
2018-01-29,62403
2018-01-30,62242
2018-01-31,62024
2018-02-01,62174
2018-02-02,62216
2018-02-05,62228
2018-02-06,62367
2018-02-07,62622
2018-02-08,62565
2018-02-09,62587
2018-02-14,62665
2018-02-15,62460
2018-02-16,62313
2018-02-19,62292
2018-02-20,62217
2018-02-21,62268
2018-02-22,62226
2018-02-23,62118
2018-02-26,62124
2018-02-27,61815
2018-02-28,61509
2018-03-01,61450
2018-03-02,61767
2018-03-05,61707
2018-03-06,62456
2018-03-07,62610
2018-03-08,62515
2018-03-09,62414
2018-03-12,62364
2018-03-13,62390
2018-03-14,62235
2018-03-15,61951
2018-03-16,61689
2018-03-19,61604
2018-03-20,61559
2018-03-21,61616
2018-03-22,61137
2018-03-23,60899
2018-03-26,60920
2018-03-27,60722
2018-03-28,61726
2018-04-03,61548
2018-04-04,61566
2018-04-05,61667
2018-04-06,61610
2018-04-09,61668
2018-04-10,61769
2018-04-11,61840
2018-04-12,61832
2018-04-13,61648
2018-04-16,61377
2018-04-17,61476
2018-04-18,61364
2018-04-19,62456
2018-04-20,61599
2018-04-23,61185
2018-04-24,60795
2018-04-25,59424
2018-04-26,58401
2018-04-27,56623
2018-05-02,55998
2018-05-03,56147
2018-05-04,56015
2018-05-07,55593
2018-05-08,55196
2018-05-09,57016
2018-05-10,56322
2018-05-11,54428
2018-05-14,53422
2018-05-15,52727
2018-05-16,52433
2018-05-17,54427
2018-05-18,54321
2018-05-21,54274
2018-05-22,54262
2018-05-23,53598
2018-05-24,52102
2018-05-28,51930
2018-05-29,50922
2018-05-30,50590
2018-05-31,50098
2018-06-01,50213
2018-06-04,49928
2018-06-05,49958
2018-06-06,50040
2018-06-07,49851
2018-06-08,49650
2018-06-11,49638
2018-06-12,49100
2018-06-13,48973
2018-06-14,49065
2018-06-15,48468
2018-06-18,48286
2018-06-19,48102
2018-06-21,48478
2018-06-22,63274
2018-06-25,63213
2018-06-26,63162
2018-06-27,62994
2018-06-28,62950
2018-06-29,61881
2018-07-02,61234
2018-07-03,61093
2018-07-04,61085
2018-07-05,60943
2018-07-06,60922
2018-07-10,60683
2018-07-11,60547
2018-07-12,60712
2018-07-13,61322
2018-07-16,61308
2018-07-17,60950
2018-07-18,59921
2018-07-19,59711
2018-07-20,59738
2018-07-23,59434
2018-07-24,59112
2018-07-25,58800
2018-07-26,58536
2018-07-27,58095
2018-07-30,58087
2018-07-31,57996
2018-08-01,57828
2018-08-02,57741
2018-08-03,57799
2018-08-06,57689
2018-08-07,57657
2018-08-08,57580
2018-08-09,57519
2018-08-10,56874
2018-08-13,56623
2018-08-14,56258
2018-08-15,54648
2018-08-16,54655
2018-08-17,54796
2018-08-21,55032
2018-08-22,55076
2018-08-23,55083
2018-08-24,55340
2018-08-27,55144
2018-08-28,54697
2018-08-29,54303
2018-08-30,53794
2018-08-31,52658
2018-09-03,52390
2018-09-04,51446
2018-09-05,51056
2018-09-06,51144
2018-09-07,51214
2018-09-10,51090
2018-09-11,50996
2018-09-12,50616
2018-09-13,50532
2018-09-14,50008
2018-09-17,49614
2018-09-18,49220
2018-09-19,49029
2018-09-20,48982
2018-09-21,49569
2018-09-24,49541
2018-09-25,49602
2018-09-26,49568
2018-09-27,49556
2018-09-28,49003
2018-10-01,48855
2018-10-02,48912
2018-10-03,48963
2018-10-04,49014
2018-10-05,49141
2018-10-08,49013
2018-10-09,48886
2018-10-10,48766
2018-10-11,48877
2018-10-12,48543
2018-10-16,48449
2018-10-17,48268
2018-10-18,48492
2018-10-19,48585
2018-10-22,48496
2018-10-23,48564
2018-10-24,48477
2018-10-25,48285
2018-10-26,47993
2018-10-29,47867
2018-10-30,54040
2018-10-31,53955
2018-11-01,54220
2018-11-02,54255
2018-11-05,54066
2018-11-07,53376
2018-11-08,53242
2018-11-09,53063
2018-11-12,52988
2018-11-13,52926
2018-11-14,52832
2018-11-15,52698
2018-11-16,52198
2018-11-20,52055
2018-11-21,51826
2018-11-22,51830
2018-11-23,51736
2018-11-26,51585
2018-11-27,51443
2018-11-28,51450
2018-11-29,51193
2018-12-03,51296
2018-12-04,51122
2018-12-05,50272
2018-12-06,49995
2018-12-07,50065
2018-12-10,49846
2018-12-11,49788
2018-12-12,49885
2018-12-13,49922
2018-12-14,49887
2018-12-17,58606
2018-12-18,58642
2018-12-19,58711
2018-12-20,58580
2018-12-21,66324
2018-12-26,66447
2018-12-27,66112
2018-12-28,65786
2019-01-02,65825
2019-01-03,65817
2019-01-04,65716
2019-01-07,65736
2019-01-08,65818
2019-01-09,65946
2019-01-10,66042
2019-01-11,66036
2019-01-14,65961
2019-01-15,66020
2019-01-16,66165
2019-01-17,66257
2019-01-18,66429
2019-01-21,66418
2019-01-22,66490
2019-01-23,66621
2019-01-24,66519
2019-01-25,66413
2019-01-28,66429
2019-01-29,66449
2019-01-30,66409
2019-01-31,66811
2019-02-01,66843
2019-02-04,66845
2019-02-05,66962
2019-02-06,67001
2019-02-07,66980
2019-02-08,66894
2019-02-11,66783
2019-02-12,66918
2019-02-13,67054
2019-02-14,66955
2019-02-15,66925
2019-02-18,66972
2019-02-19,67012
2019-02-20,67034
2019-02-21,66984
2019-02-22,67010
2019-02-25,67044
2019-02-26,66993
2019-02-27,66986
2019-02-28,68015
2019-03-01,68345
2019-03-06,68352
2019-03-07,68421
2019-03-08,68578
2019-03-11,68526
2019-03-12,68488
2019-03-13,68483
2019-03-14,68392
2019-03-15,68285
2019-03-18,68303
2019-03-19,68250
2019-03-20,68312
2019-03-21,68204
2019-03-22,68043
2019-03-25,67509
2019-03-26,67183
2019-03-27,66870
2019-03-28,66414
2019-03-29,66187
2019-04-01,66213
2019-04-03,66263
2019-04-04,66375
2019-04-05,66623
2019-04-08,66662
2019-04-09,77481
2019-04-10,77334
2019-04-11,77095
2019-04-12,76985
2019-04-15,76894
2019-04-16,76794
2019-04-17,76663
2019-04-22,72803
2019-04-23,72559
2019-04-24,72330
2019-04-25,72087
2019-04-26,71903
2019-04-29,71747
2019-04-30,71663
2019-05-02,71529
2019-05-03,71295
2019-05-06,70860
2019-05-07,68931
2019-05-08,68758
2019-05-09,68431
2019-05-10,68114
2019-05-13,67800
2019-05-14,67461
2019-05-15,67306
2019-05-16,67244
2019-05-17,66998
2019-05-20,67063
2019-05-21,67103
2019-05-22,67071
2019-05-23,66491
2019-05-24,65598
2019-05-27,65581
2019-05-28,65219
2019-05-29,64681
2019-05-30,64744
2019-05-31,64779
2019-06-03,64782
2019-06-04,64751
2019-06-05,64661
2019-06-06,64660
2019-06-07,64757
2019-06-10,64699
2019-06-11,64764
2019-06-12,64676
2019-06-13,63781
2019-06-14,63782
2019-06-18,63981
2019-06-19,64059
2019-06-21,64640
2019-06-24,64442
2019-06-25,64296
2019-06-26,64394
2019-06-27,64308
2019-06-28,64278
2019-07-01,64148
2019-07-02,64123
2019-07-03,64108
2019-07-04,64095
2019-07-05,63743
2019-07-10,63561
2019-07-11,63670
2019-07-12,63697
2019-07-15,63568
2019-07-16,68732
2019-07-17,68761
2019-07-18,68747
2019-07-19,68600
2019-07-22,68334
2019-07-23,68338
2019-07-24,68317
2019-07-25,67966
2019-07-26,68071
2019-07-29,67994
2019-07-30,67951
2019-07-31,67899
2019-08-01,67760
2019-08-02,67559
2019-08-05,67043
2019-08-06,66464
2019-08-07,66399
2019-08-08,66370
2019-08-09,66309
2019-08-12,65736
2019-08-13,65042
2019-08-14,64233
2019-08-15,63712
2019-08-16,62404
2019-08-20,59394
2019-08-21,58894
2019-08-22,58410
2019-08-23,58267
2019-08-26,57918
2019-08-27,57477
2019-08-28,56953
2019-08-29,56044
2019-08-30,54100
2019-09-02,53146
2019-09-03,52151
2019-09-04,51741
2019-09-05,51295
2019-09-06,50952
2019-09-09,50646
2019-09-10,50378
2019-09-11,50236
2019-09-12,50163
2019-09-13,50089
2019-09-16,49973
2019-09-17,49881
2019-09-18,49818
2019-09-19,49729
2019-09-20,49602
2019-09-23,49498
2019-09-24,49444
2019-09-25,49312
2019-09-26,49231
2019-09-27,48941
2019-09-30,48703
2019-10-01,48488
2019-10-02,48346
2019-10-03,48248
2019-10-04,48177
2019-10-07,48075
2019-10-08,47957
2019-10-09,47916
2019-10-10,47855
2019-10-11,47859
2019-10-15,47780
2019-10-16,47647
2019-10-17,47596
2019-10-18,47445
2019-10-21,46886
2019-10-22,46593
2019-10-23,46145
2019-10-24,45171
2019-10-25,43551
2019-10-28,43406
2019-10-29,43311
2019-10-30,43273
2019-10-31,43260
2019-11-01,43292
2019-11-04,43324
2019-11-05,43381
2019-11-07,43106
2019-11-08,43338
2019-11-11,43272
2019-11-12,43418
2019-11-13,43474
2019-11-14,43558
2019-11-15,43508
2019-11-19,43533
2019-11-20,43498
2019-11-21,43538
2019-11-22,43589
2019-11-25,43692
2019-11-26,43739
2019-11-27,43765
2019-11-28,43736
2019-11-29,43772
2019-12-02,43731
2019-12-03,43750
2019-12-04,43748
2019-12-05,43731
2019-12-06,43797
2019-12-09,43787
2019-12-10,43785
2019-12-11,43912
2019-12-12,44089
2019-12-13,44248
2019-12-16,44225
2019-12-17,44294
2019-12-18,44320
2019-12-19,44561
2019-12-20,44788
2019-12-23,44839
2019-12-26,45093
2019-12-27,45190
2019-12-30,44848
2020-01-02,44839
2020-01-03,44872
2020-01-06,44904
2020-01-07,45080
2020-01-08,45162
2020-01-09,45419
2020-01-10,45376
2020-01-13,45317
2020-01-14,45078
2020-01-15,45291
2020-01-16,45364
2020-01-17,45492
2020-01-20,45457
2020-01-21,45363
2020-01-22,45421
2020-01-23,45387
2020-01-24,45243
2020-01-27,45158
2020-01-28,45105
2020-01-29,45064
2020-01-30,45014
2020-01-31,44917
2020-02-03,44770
2020-02-04,44632
2020-02-05,44645
2020-02-06,44666
2020-02-07,44675
2020-02-10,44682
2020-02-11,44688
2020-02-12,44701
2020-02-13,44719
2020-02-14,44744
2020-02-17,44758
2020-02-18,44719
2020-02-19,44705
2020-02-20,44717
2020-02-21,44726
2020-02-26,44710
2020-02-27,44791
2020-02-28,44791
2020-03-02,44803
2020-03-03,44819
2020-03-04,44832
2020-03-05,44838
2020-03-06,44857
2020-03-09,44778
2020-03-10,44785
2020-03-11,44775
2020-03-12,44439
2020-03-13,44359
2020-03-16,44308
2020-03-17,44236
2020-03-18,44040
2020-03-19,43925
2020-03-20,43822
2020-03-25,43854
2020-03-26,43862
2020-03-27,43728
2020-03-30,43561
2020-04-01,43588
2020-04-02,43631
2020-04-03,43650
2020-04-06,43702
2020-04-07,43724
2020-04-08,43804
2020-04-13,43862
2020-04-14,43886
2020-04-15,43844
2020-04-16,43852
2020-04-17,43817
2020-04-20,43826
2020-04-21,43780
2020-04-22,43735
2020-04-23,43751
2020-04-24,43696
2020-04-27,43646
2020-04-28,43590
2020-04-29,43545
2020-04-30,43568
2020-05-04,43565
2020-05-05,43589
2020-05-06,43400
2020-05-07,43411
2020-05-08,43415
2020-05-11,43348
2020-05-12,43351
2020-05-13,43263
2020-05-14,43215
2020-05-15,43137
2020-05-18,43047
2020-05-19,42980
2020-05-20,42949
2020-05-21,42839
2020-05-22,42738
2020-05-26,42629
2020-05-27,42499
2020-05-28,42448
2020-05-29,42589
2020-06-01,42609
2020-06-02,42660
2020-06-03,42670
2020-06-04,42748
2020-06-05,42814
2020-06-08,42883
2020-06-09,42988
2020-06-10,43041
2020-06-11,43122
2020-06-12,43126
2020-06-16,43170
2020-06-17,43172
2020-06-18,43123
2020-06-19,43178
2020-06-22,43202
2020-06-23,43213
2020-06-24,43217
2020-06-25,43197
2020-06-26,43200
2020-06-29,43201
2020-06-30,43242
2020-07-01,43219
2020-07-02,43203
2020-07-03,43219
2020-07-06,43253
2020-07-07,43240
2020-07-08,43246
2020-07-13,43276
2020-07-14,43307
2020-07-15,43346
2020-07-16,43356
2020-07-17,43362
2020-07-20,43389
2020-07-21,43399
2020-07-22,43379
2020-07-23,43349
2020-07-24,43360
2020-07-27,43384
2020-07-28,43433
2020-07-29,43387
2020-07-30,43340
2020-07-31,43386
2020-08-03,43348
2020-08-04,43409
2020-08-05,43374
2020-08-06,43344
2020-08-07,43303
2020-08-10,43332
2020-08-11,43302
2020-08-12,43253
2020-08-13,43207
2020-08-14,43122
2020-08-18,43160
2020-08-19,43115
2020-08-20,43092
2020-08-21,43048
2020-08-24,43047
2020-08-25,42983
2020-08-26,42962
2020-08-27,42896
2020-08-28,42914
2020-08-31,42842
2020-09-01,42700
2020-09-02,42640
2020-09-03,42613
2020-09-04,42617
2020-09-07,42643
2020-09-08,42638
2020-09-09,42570
2020-09-10,42549
2020-09-11,42452
2020-09-14,42501
2020-09-15,42495
2020-09-16,42521
2020-09-17,42473
2020-09-18,42428
2020-09-21,42248
2020-09-22,42226
2020-09-23,42177
2020-09-24,42118
2020-09-25,41970
2020-09-28,41874
2020-09-29,41751
2020-09-30,41379
2020-10-01,41369
2020-10-02,41252
2020-10-05,41172
2020-10-06,41129
2020-10-07,41132
2020-10-08,41092
2020-10-09,41026
2020-10-13,40837
2020-10-14,40847
2020-10-15,40777
2020-10-16,40785
2020-10-19,40794
2020-10-20,40812
2020-10-21,40800
2020-10-22,40668
2020-10-23,40498
2020-10-26,40239
2020-10-27,40140
2020-10-28,39866
2020-10-29,39826
2020-10-30,39856
2020-11-02,39875
2020-11-03,39882
2020-11-04,39819
2020-11-05,39524
2020-11-09,39316
2020-11-10,39322
2020-11-11,39259
2020-11-12,39191
2020-11-13,39101
2020-11-16,39115
2020-11-17,39116
2020-11-18,39069
2020-11-19,38939
2020-11-20,38945
2020-11-24,38731
2020-11-25,38746
2020-11-26,38747
2020-11-27,38705
2020-11-30,38652
2020-12-01,38619
2020-12-02,38622
2020-12-03,38652
2020-12-04,38661
2020-12-09,38710
2020-12-10,38744
2020-12-11,38750
2020-12-14,38761
2020-12-15,38777
2020-12-16,38794
2020-12-17,38828
2020-12-18,38835
2020-12-21,38899
2020-12-22,39009
2020-12-23,39216
2020-12-28,39236
2020-12-29,39281
2020-12-30,39387
2021-01-04,39501
2021-01-05,39540
2021-01-06,39546
2021-01-07,39556
2021-01-08,39462
2021-01-11,39605
2021-01-12,39708
2021-01-13,39765
2021-01-14,39791
2021-01-15,39808
2021-01-18,39812
2021-01-19,39779
2021-01-20,39741
2021-01-21,39757
2021-01-22,39687
2021-01-25,39690
2021-01-26,39627
2021-01-27,39450
2021-01-28,39482
2021-01-29,39515
2021-02-01,39460
2021-02-02,39453
2021-02-03,39473
2021-02-04,39134
2021-02-05,39174
2021-02-08,39233
2021-02-09,39270
2021-02-10,39278
2021-02-11,39359
2021-02-12,39369
2021-02-17,39399
2021-02-18,39310
2021-02-19,39425
2021-02-22,39476
2021-02-23,39498
2021-02-24,39506
2021-02-25,39517
2021-02-26,39518
2021-03-01,39617
2021-03-02,39654
2021-03-03,39718
2021-03-04,39784
2021-03-05,39799
2021-03-08,39729
2021-03-09,39747
2021-03-10,39750
2021-03-11,39807
2021-03-12,39823
2021-03-15,39865
2021-03-16,39881
2021-03-17,39834
2021-03-18,39774
2021-03-19,39728
2021-03-22,39651
2021-03-23,39679
2021-03-25,39610
2021-03-26,39539
2021-03-29,39471
2021-03-30,39520
2021-03-31,39593
2021-04-05,39645
2021-04-06,39709
2021-04-07,39751
2021-04-08,39801
2021-04-09,39850
2021-04-12,39922
2021-04-13,39998
2021-04-14,40020
2021-04-15,40070
2021-04-16,40078
2021-04-19,40146
2021-04-20,40187
2021-04-21,40208
2021-04-22,40220
2021-04-23,40257
2021-04-26,40271
2021-04-27,40330
2021-04-28,40339
2021-04-29,40357
2021-04-30,40263
2021-05-03,40360
2021-05-04,40433
2021-05-05,40493
2021-05-06,40300
2021-05-07,40454
2021-05-10,40616
2021-05-11,40762
2021-05-12,40880
2021-05-13,40947
2021-05-14,41002
2021-05-17,41266
2021-05-18,41376
2021-05-19,41483
2021-05-20,41517
2021-05-21,41591
2021-05-26,41715
2021-05-27,41785
2021-05-28,41888
2021-05-31,41872
2021-06-01,41964
2021-06-02,42066
2021-06-03,42122
2021-06-04,42202
2021-06-07,42292
2021-06-08,42430
2021-06-09,42618
2021-06-10,42658
2021-06-11,42697
2021-06-14,42720
2021-06-15,42665
2021-06-16,42692
2021-06-17,42397
2021-06-18,42407
2021-06-22,42376
2021-06-23,42402
2021-06-24,42414
2021-06-25,42420
2021-06-28,42420
2021-06-29,42366
2021-06-30,42437
2021-07-01,42494
2021-07-02,42641
2021-07-05,42678
2021-07-06,42727
2021-07-07,42759
2021-07-08,42750
2021-07-12,42845
2021-07-13,42925
2021-07-14,42964
2021-07-15,42991
2021-07-16,42931
2021-07-19,42943
2021-07-20,43012
2021-07-21,43075
2021-07-22,43091
2021-07-23,43108
2021-07-26,43025
2021-07-27,42836
2021-07-28,42654
2021-07-29,42668
2021-07-30,42582
2021-08-02,42504
2021-08-03,42503
2021-08-04,42548
2021-08-05,42207
2021-08-06,42063
2021-08-09,42002
2021-08-10,41941
2021-08-11,41951
2021-08-12,41973
2021-08-13,41983
2021-08-17,41989
2021-08-18,41998
2021-08-19,42030
2021-08-20,42048
2021-08-23,46306
2021-08-24,46318
2021-08-25,46278
2021-08-26,46188
2021-08-27,46199
2021-08-30,46154
2021-08-31,46180
2021-09-01,46094
2021-09-02,46024
2021-09-03,46033
2021-09-06,45985
2021-09-07,45896
2021-09-08,45806
2021-09-09,45726
2021-09-10,45762
2021-09-13,45778
2021-09-14,45817
2021-09-15,45682
2021-09-16,45525
2021-09-17,45335
2021-09-20,45230
2021-09-21,45170
2021-09-22,43178
2021-09-23,43134
2021-09-24,43132
2021-09-27,43140
2021-09-28,43089
2021-09-29,42895
2021-09-30,42911
2021-10-01,42850
2021-10-04,42825
2021-10-05,42719
2021-10-06,42796
2021-10-07,42848
2021-10-12,42898
2021-10-13,43004
2021-10-14,43020
2021-10-15,42932
2021-10-18,42944
2021-10-19,42984
2021-10-20,42989
2021-10-21,43006
2021-10-22,43038
2021-10-25,43059
2021-10-26,43070
2021-10-27,43040
2021-10-28,43010
2021-10-29,42817
2021-11-01,42782
2021-11-02,42749
2021-11-03,42658
2021-11-04,42577
2021-11-05,42791
2021-11-08,42797
2021-11-09,42880
2021-11-10,42791
2021-11-11,42798
2021-11-12,42608
2021-11-15,42523
2021-11-16,42461
2021-11-17,42500
2021-11-18,42361
2021-11-19,42275
2021-11-23,42153
2021-11-24,42233
2021-11-25,42238
2021-11-26,42182
2021-11-29,42039
2021-11-30,41530
2021-12-01,41539
2021-12-02,41445
2021-12-03,41293
2021-12-06,41300
2021-12-07,41250
2021-12-09,41161
2021-12-10,41181
2021-12-13,41199
2021-12-14,41171
2021-12-15,41105
2021-12-16,41114
2021-12-17,41119
2021-12-20,41107
2021-12-21,41110
2021-12-22,39153
2021-12-23,39156
2021-12-27,39174
2021-12-28,39182
2021-12-29,39127
2021-12-30,39662
2022-01-03,39596
2022-01-04,39575
2022-01-05,39587
2022-01-06,39466
2022-01-07,39122
2022-01-10,39172
2022-01-11,39191
2022-01-12,39200
2022-01-13,39205
2022-01-14,39133
2022-01-17,39141
2022-01-18,39091
2022-01-19,39033
2022-01-20,38944
2022-01-21,38945
2022-01-24,38951
2022-01-25,38952
2022-01-26,38872
2022-01-27,38517
2022-01-28,37622
2022-01-31,37589
2022-02-01,37560
2022-02-02,37562
2022-02-03,37565
2022-02-04,37189
2022-02-07,37213
2022-02-08,37218
2022-02-09,37230
2022-02-10,37233
2022-02-11,37241
2022-02-14,37265
2022-02-15,37281
2022-02-16,37306
2022-02-17,37317
2022-02-18,37353
2022-02-21,37322
2022-02-22,37260
2022-02-23,37235
2022-02-24,37079
2022-02-25,37018
2022-03-02,37045
2022-03-03,37067
2022-03-04,37107
2022-03-07,37329
2022-03-08,37380
2022-03-09,37313
2022-03-10,37321
2022-03-11,37262
2022-03-14,37221
2022-03-15,37031
2022-03-16,37064
2022-03-17,37039
2022-03-18,37014
2022-03-21,37018
2022-03-22,37020
2022-03-23,37075
2022-03-25,43321
2022-03-28,43247
2022-03-29,43160
2022-03-30,43187
2022-03-31,43137
2022-04-01,43074
2022-04-04,43126
2022-04-05,43141
2022-04-06,43182
2022-04-07,43229
2022-04-08,43236
2022-04-11,43239
2022-04-12,43319
2022-04-13,43303
2022-04-18,43311
2022-04-19,43224
2022-04-20,43136
2022-04-21,43065
2022-04-22,42867
2022-04-25,42638
2022-04-26,42646
2022-04-27,42557
2022-04-28,42465
2022-04-29,42007
2022-05-02,42067
2022-05-03,42121
2022-05-04,42172
2022-05-05,41797
2022-05-06,41816
2022-05-09,41629
2022-05-10,41620
2022-05-11,41625
2022-05-12,41342
2022-05-13,41290
2022-05-16,41358
2022-05-17,41396
2022-05-19,41486
2022-05-20,41541
2022-05-23,41647
2022-05-24,41654
2022-05-26,41466
2022-05-27,41544
2022-05-30,41650
2022-05-31,41561
2022-06-01,41573
2022-06-02,41600
2022-06-03,41613
2022-06-06,41622
2022-06-07,41642
2022-06-08,41621
2022-06-09,41627
2022-06-10,41597
2022-06-13,41352
2022-06-14,41231
2022-06-15,41096
2022-06-16,40903
2022-06-21,40011
2022-06-22,38231
2022-06-23,38085
2022-06-24,38006
2022-06-27,38119
2022-06-28,42164
2022-06-29,42472
2022-06-30,42787
2022-07-01,42358
2022-07-04,42367
2022-07-05,42316
2022-07-06,42275
2022-07-07,42211
2022-07-08,40455
2022-07-11,40457
2022-07-12,40397
2022-07-13,40403
2022-07-14,40132
2022-07-15,40147
2022-07-18,40014
2022-07-19,39864
2022-07-20,39747
2022-07-21,39681
2022-07-22,39718
2022-07-25,39760
2022-07-26,39464
2022-07-27,39354
2022-07-28,39217
2022-07-29,38232
2022-08-01,38039
2022-08-02,38010
2022-08-03,37819
2022-08-04,37334
2022-08-05,37213
2022-08-08,37155
2022-08-09,37054
2022-08-10,37081
2022-08-11,37010
2022-08-12,37018
2022-08-16,36867
2022-08-17,36952
2022-08-18,37122
2022-08-19,37066
2022-08-22,36981
2022-08-23,37024
2022-08-24,37004
2022-08-25,37027
2022-08-26,36932
2022-08-29,36841
2022-08-30,36846
2022-08-31,36734
2022-09-01,36642
2022-09-05,36577
2022-09-06,36630
2022-09-07,36861
2022-09-08,37284
2022-09-09,37508
2022-09-12,37652
2022-09-13,37753
2022-09-14,37922
2022-09-15,37916
2022-09-16,38120
2022-09-19,38251
2022-09-20,38341
2022-09-21,37593
2022-09-22,36141
2022-09-23,36075
2022-09-26,36309
2022-09-27,36570
2022-09-28,36839
2022-09-29,37278
2022-09-30,37625
2022-10-03,37671
2022-10-04,37752
2022-10-05,37832
2022-10-06,36547
2022-10-11,40123
2022-10-12,40074
2022-10-13,40052
2022-10-14,39263
2022-10-17,39192
2022-10-18,39200
2022-10-19,39085
2022-10-20,39788
2022-10-21,39737
2022-10-24,39666
2022-10-25,39679
2022-10-26,39697
2022-10-27,39706
2022-10-28,38940
2022-10-31,38676
2022-11-01,38746
2022-11-02,38653
2022-11-03,38485
2022-11-04,38266
2022-11-07,38014
2022-11-08,37837
2022-11-09,37828
2022-11-10,37803
2022-11-11,38086
2022-11-14,38007
2022-11-15,37867
2022-11-16,37790
2022-11-17,37617
2022-11-18,37564
2022-11-22,37588
2022-11-23,37604
2022-11-24,37622
2022-11-25,37538
2022-11-28,37658
2022-11-29,37861
2022-11-30,38009
2022-12-01,38188
2022-12-02,38294
2022-12-05,38568
2022-12-06,38702
2022-12-07,39007
2022-12-12,39594
2022-12-13,39681
2022-12-14,39694
2022-12-15,39637
2022-12-16,39794
2022-12-19,39797
2022-12-20,39898
2022-12-21,39057
2022-12-22,43267
2022-12-23,43470
2022-12-26,43545
2022-12-27,43655
2022-12-28,43802
2022-12-29,44170
2022-12-30,44598
2023-01-02,44608
2023-01-03,44613
2023-01-04,44694
2023-01-05,44838
2023-01-06,44432
2023-01-09,43371
2023-01-10,43395
2023-01-11,43406
2023-01-12,43534
2023-01-13,43115
2023-01-16,42987
2023-01-17,42890
2023-01-18,42845
2023-01-19,42816
2023-01-20,42710
2023-01-23,42659
2023-01-24,42649
2023-01-25,42481
2023-01-26,42274
2023-01-27,42265
2023-01-30,41518
2023-01-31,41417
2023-02-01,41379
2023-02-02,41314
2023-02-03,41022
2023-02-06,40288
2023-02-07,40287
2023-02-08,40169
2023-02-09,40076
2023-02-10,40012
2023-02-13,40008
2023-02-14,40009
2023-02-15,39561
2023-02-16,39514
2023-02-17,39335
2023-02-22,39261
2023-02-23,39183
2023-02-24,39006
2023-02-27,39045
2023-02-28,38709
2023-03-01,38722
2023-03-02,38584
2023-03-03,38598
2023-03-06,38517
2023-03-07,38323
2023-03-08,38272
2023-03-09,38180
2023-03-10,38208
2023-03-13,38331
2023-03-14,38142
2023-03-15,37783
2023-03-16,37712
2023-03-17,37672
2023-03-20,38008
2023-03-21,37837
2023-03-22,37596
2023-03-23,37606
2023-03-27,37161
2023-03-28,37076
2023-03-29,36851
2023-03-30,36509
2023-03-31,39060
2023-04-03,38809
2023-04-04,38777
2023-04-05,38662
2023-04-10,37210
2023-04-11,37218
2023-04-12,37224
2023-04-13,37538
2023-04-14,36901
2023-04-17,36731
2023-04-18,36638
2023-04-19,36365
2023-04-20,36413
2023-04-21,36503
2023-04-24,36569
2023-04-25,36478
2023-04-26,36354
2023-04-27,36104
2023-04-28,35001
2023-05-02,35080
2023-05-03,34891
2023-05-04,34130
2023-05-05,34008
2023-05-08,33944
2023-05-09,33850
2023-05-10,33723
2023-05-11,33631
2023-05-12,33588
2023-05-15,33481
2023-05-16,33350
2023-05-17,33298
2023-05-18,33132
2023-05-19,33159
2023-05-22,33062
2023-05-23,32910
2023-05-24,32966
2023-05-29,32883
2023-05-30,32813
2023-05-31,33001
2023-06-01,33067
2023-06-02,32998
2023-06-05,33011
2023-06-06,32871
2023-06-07,32725
2023-06-08,32680
2023-06-09,32488
2023-06-12,32363
2023-06-13,32366
2023-06-14,32336
2023-06-15,32141
2023-06-16,31852
2023-06-21,31616
2023-06-22,31455
2023-06-23,31279
2023-06-26,31154
2023-06-27,31026
2023-06-28,30859
2023-06-29,30785
2023-06-30,27926
2023-07-03,27898
2023-07-04,27721
2023-07-05,27529
2023-07-06,27436
2023-07-07,26616
2023-07-10,26550
2023-07-11,26416
2023-07-12,26335
2023-07-13,26189
2023-07-14,26036
2023-07-17,25849
2023-07-18,25765
2023-07-19,25501
2023-07-20,25441
2023-07-21,25210
2023-07-24,25280
2023-07-25,25350
2023-07-26,25258
2023-07-27,25349
2023-07-28,25651
2023-07-31,24092
2023-08-01,24042
2023-08-02,24020
2023-08-03,24146
2023-08-04,24372
2023-08-07,24268
2023-08-08,24129
2023-08-09,23891
2023-08-10,23828
2023-08-11,23671
2023-08-14,23762
2023-08-15,23667
2023-08-16,23612
2023-08-17,23721
2023-08-18,23637
2023-08-22,23639
2023-08-23,29004
2023-08-24,28995
2023-08-25,27955
2023-08-28,28011
2023-08-29,28035
2023-08-30,27942
2023-08-31,27818
2023-09-01,27824
2023-09-04,27775
2023-09-05,27679
2023-09-06,27630
2023-09-07,27651
2023-09-08,27686
2023-09-11,27737
2023-09-12,27767
2023-09-13,27786
2023-09-14,27784
2023-09-15,27530
2023-09-18,27470
2023-09-19,27438
2023-09-20,27425
2023-09-21,27342
2023-09-22,27254
2023-09-25,27204
2023-09-26,27152
2023-09-27,27057
2023-09-28,27068
2023-09-29,26925
2023-10-02,26634
2023-10-03,26558
2023-10-04,26470
2023-10-05,26382
2023-10-06,26262
2023-10-09,26269
2023-10-10,26059
2023-10-11,25772
2023-10-12,25225
2023-10-17,24995
2023-10-18,24789
2023-10-19,24793
2023-10-20,24543
2023-10-23,24553
2023-10-24,24556
2023-10-25,24499
2023-10-26,24553
2023-10-27,24561
2023-10-30,24614
2023-10-31,22559
2023-11-01,21876
2023-11-02,21878
2023-11-03,21883
2023-11-07,20928
2023-11-08,20938
2023-11-09,20950
2023-11-10,20905
2023-11-13,20977
2023-11-14,21167
2023-11-15,21102
2023-11-16,21403
2023-11-17,21505
2023-11-21,21631
2023-11-22,21539
2023-11-23,21554
2023-11-24,21551
2023-11-27,21538
2023-11-28,21535
2023-11-29,21603
2023-11-30,21513
2023-12-01,21428
2023-12-04,21329
2023-12-05,21345
2023-12-06,21168
2023-12-07,21209
2023-12-11,21017
2023-12-12,20920
2023-12-13,21133
2023-12-14,21499
2023-12-15,21451
2023-12-18,21477
2023-12-19,22663
2023-12-20,22758
2023-12-21,22209
2023-12-22,22581
2023-12-26,22571
2023-12-27,22763
2023-12-28,23125
2023-12-29,23073
2024-01-02,23470
2024-01-03,23677
2024-01-04,23835
2024-01-05,24119
2024-01-08,23233
2024-01-09,23286
2024-01-10,23411
2024-01-11,23571
2024-01-12,23980
2024-01-15,24001
2024-01-16,23972
2024-01-17,24167
2024-01-18,24300
2024-01-19,24427
2024-01-22,24488
2024-01-23,24675
2024-01-24,24848
2024-01-25,24859
2024-01-26,25007
2024-01-29,25158
2024-01-30,25105
2024-01-31,27642
2024-02-01,27072
2024-02-02,27016
2024-02-05,26991
2024-02-06,26414
2024-02-07,26483
2024-02-08,26377
2024-02-09,26502
2024-02-14,26603
2024-02-15,26641
2024-02-16,26860
2024-02-19,26859
2024-02-20,27104
2024-02-21,27140
2024-02-22,27347
2024-02-23,27485
2024-02-26,27490
2024-02-27,27558
2024-02-28,27597
2024-02-29,26690
2024-03-01,27334
2024-03-04,27641
2024-03-05,27755
2024-03-06,27854
2024-03-07,28049
2024-03-08,28221
2024-03-11,28296
2024-03-12,28272
2024-03-13,28488
2024-03-14,28489
2024-03-15,28209
2024-03-18,28176
2024-03-19,27979
2024-03-20,28041
2024-03-21,28107
2024-03-22,28025
2024-03-25,28266
2024-03-26,27644
2024-03-27,27127
2024-04-03,27882
2024-04-04,28400
2024-04-05,28765
2024-04-08,28904
2024-04-09,29043
2024-04-10,29047
2024-04-11,29181
2024-04-12,29321
2024-04-15,29240
2024-04-16,29360
2024-04-17,29471
2024-04-18,29717
2024-04-19,29850
2024-04-22,29907
2024-04-23,29899
2024-04-24,30023
2024-04-25,30096
2024-04-26,30141
2024-04-29,29869
2024-04-30,27578
2024-05-02,28200
2024-05-03,28381
2024-05-06,27688
2024-05-07,27791
2024-05-08,27967
2024-05-09,28037
2024-05-10,28361
2024-05-13,28325
2024-05-14,28368
2024-05-15,28271
2024-05-16,28576
2024-05-17,28801
2024-05-20,28899
2024-05-21,29062
2024-05-22,29081
2024-05-23,29005
2024-05-24,29116
2024-05-27,29157
2024-05-28,29186
2024-05-29,29191
2024-05-30,29066
2024-05-31,28664
2024-06-03,29134
2024-06-04,29289
2024-06-05,29368
2024-06-06,29415
2024-06-07,29300
2024-06-10,29237
2024-06-11,29212
2024-06-12,29268
2024-06-13,29277
2024-06-14,29172
2024-06-18,29959
2024-06-19,29946
2024-06-24,29716
2024-06-25,29783
2024-06-26,29886
2024-06-27,29747
2024-06-28,29022
2024-07-01,29615
2024-07-02,29646
2024-07-03,29812
2024-07-04,29819
2024-07-05,29950
2024-07-08,28348
2024-07-10,28098
2024-07-11,28235
2024-07-12,28282
2024-07-15,28177
2024-07-16,27623
2024-07-17,27583
2024-07-18,27607
2024-07-19,27565
2024-07-22,27425
2024-07-23,27437
2024-07-24,27532
2024-07-25,27330
2024-07-26,27311
2024-07-29,27132
2024-07-30,26997
2024-07-31,26402
2024-08-01,27069
2024-08-02,27571
2024-08-05,28191
2024-08-06,27310
2024-08-07,27231
2024-08-08,27376
2024-08-09,27391
2024-08-12,27473
2024-08-13,27585
2024-08-14,27571
2024-08-15,27419
2024-08-16,27541
2024-08-19,27512
2024-08-20,27674
2024-08-21,27662
2024-08-22,27658
2024-08-23,27845
2024-08-26,27874
2024-08-27,27954
2024-08-28,27861
2024-08-29,27767
2024-08-30,26719
2024-09-02,26651
2024-09-03,27377
2024-09-04,27354
2024-09-05,27436
2024-09-06,27464
2024-09-09,27400
2024-09-10,27244
2024-09-11,27219
2024-09-12,27316
2024-09-13,27420
2024-09-16,26940
2024-09-17,26909
2024-09-18,27011
2024-09-19,27129
2024-09-20,27264
2024-09-23,27343
2024-09-24,28241
2024-09-25,28834
2024-09-26,29164
2024-09-27,29174
2024-09-30,27172
2024-10-01,28461
2024-10-02,29138
2024-10-03,29231
2024-10-04,28313
2024-10-07,28557
2024-10-08,28388
2024-10-09,28346
2024-10-10,28632
2024-10-14,28702
2024-10-15,28271
2024-10-16,28294
2024-10-17,28273
2024-10-18,28488
2024-10-21,28314
2024-10-22,28416
2024-10-23,28511
2024-10-24,29057
2024-10-25,29163
2024-10-28,29368
2024-10-29,29669
2024-10-30,29863
2024-10-31,28618
2024-11-01,29603
2024-11-04,30182
2024-11-05,30432
2024-11-07,29668
2024-11-08,29838
2024-11-11,29859
2024-11-12,29962
2024-11-13,30023
2024-11-14,30193
2024-11-15,29878
2024-11-19,30274
2024-11-20,30494
2024-11-21,30845
2024-11-22,30874
2024-11-25,30879
2024-11-26,30928
2024-11-27,31484
2024-11-28,31637
2024-11-29,30214
2024-12-02,31314
2024-12-03,31240
2024-12-04,31266
2024-12-05,31534
2024-12-06,31531
2024-12-09,31512
2024-12-10,31619
2024-12-11,31988
2024-12-12,31849
2024-12-13,31937
2024-12-16,31744
2024-12-17,32257
2024-12-18,32255
2024-12-19,32243
2024-12-20,32864
2024-12-23,32688
2024-12-26,32413
2024-12-27,31524
2024-12-30,29640
2025-01-02,31706
2025-01-03,32774
2025-01-06,32805
2025-01-07,32903
2025-01-08,31176
2025-01-09,30904
2025-01-10,31038
2025-01-13,30835
2025-01-14,30704
2025-01-15,30624
2025-01-16,30707
2025-01-17,30518
2025-01-20,30593
2025-01-21,30282
2025-01-22,30140
2025-01-23,29838
2025-01-24,29970
2025-01-27,29834
2025-01-28,29802
2025-01-29,29648
2025-01-30,29429
2025-01-31,28310
2025-02-03,29453
2025-02-04,29427
2025-02-05,29354
2025-02-06,28743
2025-02-07,28889
2025-02-10,28938
2025-02-11,28898
2025-02-12,28925
2025-02-13,28894
2025-02-14,28801
2025-02-17,28747
2025-02-18,28405
2025-02-19,28362
2025-02-20,28578
2025-02-21,28495
2025-02-24,28603
2025-02-25,28685
2025-02-26,28714
2025-02-27,28586
2025-02-28,28117
2025-03-05,27991
2025-03-06,28181
2025-03-07,28090
2025-03-10,27732
2025-03-11,27687
2025-03-12,27960
2025-03-13,28104
2025-03-14,28091
2025-03-17,27338
2025-03-18,27208
2025-03-19,27046
2025-03-20,26785
2025-03-21,26628
2025-03-25,26442
2025-03-26,26251
2025-03-27,26223
2025-03-28,25777
2025-03-31,24986
2025-04-01,25450
2025-04-03,25305
2025-04-04,25148
2025-04-07,24838
2025-04-08,24677
2025-04-09,24780
2025-04-10,24773
2025-04-11,24704
2025-04-14,24221
2025-04-15,36777
2025-04-16,38616
2025-04-21,38791
2025-04-22,38814
2025-04-23,38631
2025-04-24,39079
2025-04-25,39168
2025-04-28,39291
2025-04-29,39091
2025-04-30,38928
2025-05-05,38976
2025-05-06,38542
2025-05-07,38258
2025-05-08,38035
2025-05-09,38123
2025-05-12,38079
2025-05-13,38651
2025-05-14,38565
2025-05-15,38346
2025-05-16,38338
2025-05-19,38300
2025-05-20,38267
2025-05-21,38176
2025-05-22,38097
2025-05-23,38428
2025-05-26,38384
2025-05-27,38381
2025-05-28,38444
2025-05-29,38366
2025-05-30,36919
2025-06-02,37793
2025-06-03,37767
2025-06-04,38818
2025-06-05,38758
2025-06-06,38639
2025-06-09,38604
2025-06-10,38600
2025-06-11,38533
2025-06-12,38506
2025-06-13,40465
2025-06-17,40399
2025-06-18,40153
2025-06-19,40182
2025-06-23,40894
2025-06-24,41212
2025-06-25,41417
2025-06-26,41555
2025-06-27,41460
2025-06-30,39973
2025-07-01,41686
2025-07-02,41658
2025-07-03,41738
2025-07-04,41747
2025-07-07,41721
2025-07-08,39127
2025-07-10,38721
2025-07-11,39060
2025-07-14,39147
2025-07-15,39061
2025-07-16,39554
2025-07-17,39836
2025-07-18,40393
2025-07-21,40652
2025-07-22,40578
2025-07-23,40358
2025-07-24,40432
2025-07-25,40283
2025-07-28,40146
2025-07-29,41245
2025-07-30,40765
2025-07-31,38866
2025-08-01,41034
2025-08-04,43039
2025-08-05,42720
2025-08-06,42143
2025-08-07,41683
2025-08-08,42116
2025-08-11,41991
2025-08-12,41991
2025-08-13,42052
2025-08-14,41908
2025-08-18,41757
2025-08-19,41705
2025-08-20,41692
2025-08-21,41485
2025-08-22,41505
2025-08-25,41445
2025-08-26,41184
2025-08-27,41255
2025-08-28,40963
2025-08-29,39986
2025-09-01,40026
2025-09-02,40763
2025-09-03,40741
2025-09-04,40378
2025-09-05,40531
2025-09-08,40551
2025-09-09,40511
2025-09-10,40404
2025-09-11,40365
2025-09-12,40313
2025-09-15,39848
2025-09-16,39879
2025-09-17,39781
2025-09-18,39409
2025-09-19,39264
2025-09-22,39116
2025-09-23,39177
2025-09-24,39032
2025-09-25,39355
2025-09-26,41200
2025-09-29,41118
2025-09-30,40374
2025-10-01,42230
2025-10-02,42330
2025-10-03,42701
2025-10-06,42629
2025-10-07,42222
2025-10-08,42067
2025-10-09,42057
2025-10-13,42258
2025-10-14,41904
2025-10-15,41741
2025-10-16,41710
2025-10-17,41170
2025-10-20,41316
2025-10-21,40540
2025-10-22,40570
2025-10-23,40989
2025-10-24,41215
2025-10-27,41059
2025-10-28,40771
2025-10-29,40764
2025-10-30,40494
2025-10-31,39382
2025-11-03,40785
2025-11-04,40802
2025-11-05,41015
2025-11-07,40227
2025-11-10,40401
2025-11-11,40500
2025-11-12,40675
2025-11-13,40684
2025-11-14,40643
2025-11-17,40356
2025-11-18,40622
2025-11-19,40773
2025-11-20,40921
2025-11-25,41185
2025-11-26,41899
2025-11-27,41904
2025-11-28,40335
2025-12-01,41773
2025-12-02,41883
2025-12-03,41887
2025-12-04,41890
2025-12-05,41764
2025-12-09,41750
2025-12-10,41669
2025-12-11,41824
2025-12-12,41907
2025-12-15,42238
2025-12-16,42283
2025-12-17,42226
2025-12-18,42326
2025-12-19,42418
2025-12-22,42636
2025-12-23,43012
2025-12-26,43617
2025-12-29,41894
2025-12-30,41095
2026-01-02,43105
2026-01-05,43393
2026-01-06,44186
2026-01-07,44241
2026-01-08,44782
2026-01-09,44397
2026-01-12,44766
2026-01-13,44678
2026-01-14,44692
2026-01-15,44646
2026-01-16,44609
2026-01-19,44808
2026-01-20,44871
2026-01-21,45077
2026-01-22,45397
2026-01-23,45565
2026-01-26,45740
2026-01-27,45780
2026-01-28,46160
2026-01-29,46242
2026-01-30,44503
2026-02-02,45104
2026-02-03,45675
2026-02-04,45420
2026-02-05,44753
2026-02-06,44939
2026-02-09,45322
2026-02-10,45229
2026-02-11,45305
2026-02-12,45053
2026-02-13,45164
2026-02-18,45130
2026-02-19,44904
2026-02-20,46264
2026-02-23,46635
2026-02-24,46663
2026-02-25,46905
2026-02-26,46158
2026-02-27,45566
2026-03-02,46519
2026-03-03,46137
2026-03-04,46210
2026-03-05,45825
2026-03-06,46011
2026-03-09,45767
2026-03-10,46054
2026-03-11,45770
2026-03-12,45766
2026-03-13,45661
2026-03-16,44790
2026-03-17,44722
2026-03-18,44495
2026-03-19,43713
2026-03-20,43806
2026-03-25,43841
2026-03-26,43534
2026-03-27,43713
2026-03-30,43381
2026-03-31,42052
2026-04-01,44445
2026-04-06,44248
2026-04-07,44445
2026-04-08,44759
2026-04-09,45154
2026-04-10,45435
2026-04-13,45408
2026-04-14,45875
2026-04-15,45622
2026-04-16,45629
2026-04-17,45793
2026-04-20,45747
2026-04-21,45781
2026-04-22,45843
2026-04-23,46130
2026-04-24,46174
2026-04-27,46089
2026-04-28,45818
2026-04-29,45207
2026-04-30,44516
2026-05-04,45657
2026-05-05,45906
2026-05-06,45678
2026-05-07,45953
2026-05-08,46061
2026-05-11,46144
2026-05-12,46186
2026-05-13,46534
2026-05-14,46197
2026-05-15,46062
2026-05-18,46135
2026-05-19,46190
2026-05-20,46585
2026-05-21,46748
2026-05-22,46806
2026-05-26,47909
2026-05-27,47874
2026-05-28,48113
2026-05-29,48193
2026-06-01,48362
2026-06-02,48430
2026-06-03,48414
2026-06-04,48372
2026-06-05,47867
2026-06-08,47800
2026-06-09,47834
2026-06-10,47559
2026-06-11,47619
2026-06-12,47419
2026-06-16,47656
2026-06-17,47503
2026-06-18,47500
2026-06-19,47373
2026-06-22,47508
2026-06-23,47474
2026-06-24,46936
2026-06-25,46968
2026-06-26,47082
2026-06-29,46577
2026-06-30,44870
2026-07-01,47067
2026-07-02,47996
2026-07-03,48241
2026-07-06,48273
2026-07-07,49535
2026-07-08,48724
2026-07-13,48208
2026-07-14,48687
2026-07-15,48617
2026-07-16,48530
2026-07-17,48790
2026-07-20,48809
2026-07-21,48921
2026-07-22,49036
2026-07-23,48686
2026-07-24,49187
2026-07-27,49164
2026-07-28,48935
2026-07-29,49196
2026-07-30,49002
2026-07-31,47599
2026-08-03,49372
2026-08-04,49639
2026-08-05,50058
2026-08-06,48834
2026-08-07,49457
2026-08-10,49564
2026-08-11,49586
2026-08-12,49628
2026-08-13,49543
2026-08-14,49505
2026-08-18,49593
2026-08-19,50006
2026-08-20,50344
2026-08-21,50660
2026-08-24,50776
2026-08-25,50913
2026-08-26,50784
2026-08-27,50861
2026-08-28,49793
2026-08-31,48259
2026-09-01,50205
2026-09-02,50492
2026-09-03,50789
2026-09-04,50760
2026-09-07,50738
2026-09-08,50732
2026-09-09,50617
2026-09-10,50506
2026-09-11,50474
2026-09-14,50404
2026-09-15,49954
2026-09-16,50003
2026-09-17,49786
2026-09-18,49803
2026-09-21,49696
2026-09-22,49412
2026-09-23,48928
2026-09-24,48845
2026-09-25,48255
2026-09-28,47960
2026-09-29,47482
2026-09-30,46092
